{"rnd_only": {"latencys": {"mae": 316.43907175925926, "r2": 0.9680665065157421}, "bandwidth": {"mae": 0.23277777777777775, "r2": 0.9944919132072179}, "throughput": {"mae": 0.9134259259259259, "r2": 0.9999898721891416}}, "seq_rd": {"latencys": {"mae": 4.669426470588233, "r2": 0.9978929641256652}, "bandwidth": {"mae": 0.11159313725490186, "r2": 0.9990206586991163}, "throughput": {"mae": 5.775980392156863, "r2": 0.999925407950266}}, "rnd_wr": {"latencys": {"mae": 0.0, "r2": 1.0}, "bandwidth": {"mae": 0.0, "r2": 1.0}, "throughput": {"mae": 0.0, "r2": 1.0}}, "seq_wr": {"latencys": {"mae": 64.75672110994029, "r2": 0.9918538243669144}, "bandwidth": {"mae": 0.5352377941693011, "r2": 0.8004674368717846}, "throughput": {"mae": 18.49336143308746, "r2": 0.9822150881788619}}, "rnd_rd": {"latencys": {"mae": 0.0, "r2": 1.0}, "bandwidth": {"mae": 0.0, "r2": 1.0}, "throughput": {"mae": 0.0, "r2": 1.0}}, "seq_only": {"latencys": {"mae": 192.1950828283231, "r2": 0.9346525304542916}, "bandwidth": {"mae": 0.8824340145448494, "r2": 0.9348183995703605}, "throughput": {"mae": 88.52352345679742, "r2": 0.8970327658533921}}, "rd_only": {"latencys": {"mae": 5.576478150107779, "r2": 0.9977384803365374}, "bandwidth": {"mae": 0.14942190868116784, "r2": 0.9983212476708605}, "throughput": {"mae": 10.70944542426024, "r2": 0.9995408900371784}}, "wr_only": {"latencys": {"mae": 119.65662222222224, "r2": 0.9899665232998276}, "bandwidth": {"mae": 0.7920339869281044, "r2": 0.6328493494299507}, "throughput": {"mae": 31.142047930283226, "r2": 0.9484826290205993}}}