{"latencys": {"mae": 209.2858567817949, "r2": 0.9606751547141222}, "bandwidth": {"mae": 0.7509458931058185, "r2": 0.9419126153226799}, "throughput": {"mae": 59.34871513295626, "r2": 0.9392497550332604}}