{"latencys": {"mae": 43.070291435112146, "r2": 0.9978106491447329}, "bandwidth": {"mae": 0.10529601724697418, "r2": 0.9979113375799887}, "throughput": {"mae": 4.274873372241793, "r2": 0.9996850904853845}}